{"stats":{"minecraft:mined":{"minecraft:hay_block":1,"minecraft:white_bed":2,"minecraft:grass":79,"minecraft:grass_block":3,"minecraft:oak_log":4,"minecraft:dirt_path":1,"minecraft:tall_grass":17,"minecraft:oak_leaves":9},"minecraft:used":{"minecraft:iron_boots":1,"minecraft:iron_chestplate":1,"minecraft:dirt":2,"minecraft:white_bed":1,"minecraft:iron_leggings":1},"minecraft:picked_up":{"minecraft:iron_chestplate":2,"minecraft:feather":6,"minecraft:chicken":3,"minecraft:oak_log":4,"minecraft:white_bed":2,"minecraft:dirt":4,"minecraft:iron_leggings":2,"minecraft:wheat_seeds":12,"minecraft:hay_block":1,"minecraft:iron_boots":1},"minecraft:custom":{"minecraft:time_since_rest":1348,"minecraft:sprint_one_cm":56428,"minecraft:damage_taken":80,"minecraft:walk_one_cm":40237,"minecraft:mob_kills":3,"minecraft:drop":2,"minecraft:damage_dealt":231,"minecraft:fly_one_cm":41584,"minecraft:open_chest":7,"minecraft:crouch_one_cm":886,"minecraft:play_time":13519,"minecraft:deaths":8,"minecraft:bell_ring":14,"minecraft:sneak_time":320,"minecraft:jump":231,"minecraft:leave_game":1,"minecraft:walk_on_water_one_cm":631,"minecraft:time_since_death":1317,"minecraft:total_world_time":13519,"minecraft:fall_one_cm":9425},"minecraft:crafted":{"minecraft:oak_planks":16,"minecraft:crafting_table":1,"minecraft:stick":4},"minecraft:killed":{"minecraft:chicken":3},"minecraft:dropped":{"minecraft:wheat_seeds":1,"minecraft:white_bed":1}},"DataVersion":3120}