{"stats":{"minecraft:dropped":{"minecraft:wheat_seeds":1,"minecraft:tnt":2,"minecraft:white_bed":1},"minecraft:custom":{"minecraft:mob_kills":22,"minecraft:interact_with_crafting_table":2,"minecraft:tune_noteblock":10,"minecraft:bell_ring":14,"minecraft:leave_game":3,"minecraft:time_since_death":17475,"minecraft:time_since_rest":17502,"minecraft:sprint_one_cm":115447,"minecraft:damage_taken":373,"minecraft:walk_one_cm":105018,"minecraft:drop":4,"minecraft:damage_dealt":1642,"minecraft:fly_one_cm":171729,"minecraft:open_chest":12,"minecraft:crouch_one_cm":1410,"minecraft:play_time":72392,"minecraft:deaths":9,"minecraft:sneak_time":858,"minecraft:jump":672,"minecraft:walk_on_water_one_cm":631,"minecraft:total_world_time":72392,"minecraft:fall_one_cm":20237},"minecraft:crafted":{"minecraft:oak_planks":24,"minecraft:diamond_sword":1,"minecraft:crafting_table":3,"minecraft:birch_planks":8,"minecraft:glowstone":17,"minecraft:stick":8},"minecraft:picked_up":{"minecraft:birch_log":2,"minecraft:iron_chestplate":2,"minecraft:feather":14,"minecraft:chicken":10,"minecraft:leather":3,"minecraft:oak_log":6,"minecraft:yellow_bed":3,"minecraft:dirt":13,"minecraft:iron_leggings":2,"minecraft:wheat_seeds":15,"minecraft:beef":8,"minecraft:glowstone_dust":68,"minecraft:birch_sapling":1,"minecraft:iron_boots":1,"minecraft:egg":3,"minecraft:quartz":4,"minecraft:white_bed":3,"minecraft:tnt":1,"minecraft:rotten_flesh":1,"minecraft:lever":2,"minecraft:hay_block":1,"minecraft:netherrack":249,"minecraft:mutton":11,"minecraft:white_wool":7},"minecraft:mined":{"minecraft:white_bed":2,"minecraft:grass_block":11,"minecraft:tall_grass":19,"minecraft:birch_sapling":2,"minecraft:hay_block":1,"minecraft:glowstone":24,"minecraft:birch_log":2,"minecraft:grass":101,"minecraft:dirt_path":1,"minecraft:oak_log":6,"minecraft:dirt":1,"minecraft:oak_leaves":9},"minecraft:killed":{"minecraft:sheep":7,"minecraft:zombie":1,"minecraft:chicken":10,"minecraft:cow":4},"minecraft:used":{"minecraft:end_rod":4,"minecraft:redstone":22,"minecraft:redstone_block":16,"minecraft:rotten_flesh":1,"minecraft:iron_chestplate":2,"minecraft:ancient_debris":10,"minecraft:dirt":12,"minecraft:target":1,"minecraft:mutton":1,"minecraft:tnt":337,"minecraft:crafting_table":2,"minecraft:white_bed":2,"minecraft:note_block":2,"minecraft:obsidian":28,"minecraft:sticky_piston":5,"minecraft:piston":2,"minecraft:lever":6,"minecraft:honey_block":2,"minecraft:apple":6,"minecraft:grass_block":4,"minecraft:slime_block":3,"minecraft:birch_sapling":37,"minecraft:iron_boots":2,"minecraft:glowstone":6,"minecraft:diamond_sword":37,"minecraft:fire_charge":3,"minecraft:repeater":6,"minecraft:yellow_bed":3,"minecraft:iron_leggings":2}},"DataVersion":3120}