{"stats":{"minecraft:mined":{"minecraft:grass":37,"minecraft:grass_block":3,"minecraft:oak_log":4,"minecraft:tall_grass":11,"minecraft:oak_leaves":9},"minecraft:used":{"minecraft:dirt":1},"minecraft:picked_up":{"minecraft:feather":6,"minecraft:chicken":3,"minecraft:wheat_seeds":6,"minecraft:oak_log":4,"minecraft:dirt":3},"minecraft:custom":{"minecraft:time_since_rest":202,"minecraft:deaths":1,"minecraft:crouch_one_cm":758,"minecraft:play_time":5612,"minecraft:sprint_one_cm":14140,"minecraft:damage_taken":50,"minecraft:walk_one_cm":20125,"minecraft:sneak_time":258,"minecraft:mob_kills":3,"minecraft:drop":1,"minecraft:jump":105,"minecraft:damage_dealt":231,"minecraft:time_since_death":170,"minecraft:walk_on_water_one_cm":631,"minecraft:total_world_time":5612,"minecraft:fall_one_cm":3029,"minecraft:fly_one_cm":7827},"minecraft:crafted":{"minecraft:oak_planks":16,"minecraft:crafting_table":1,"minecraft:stick":4},"minecraft:killed":{"minecraft:chicken":3},"minecraft:dropped":{"minecraft:wheat_seeds":1}},"DataVersion":3120}