{"stats":{"minecraft:mined":{"minecraft:hay_block":1,"minecraft:white_bed":2,"minecraft:grass":89,"minecraft:grass_block":3,"minecraft:oak_log":6,"minecraft:dirt_path":1,"minecraft:tall_grass":17,"minecraft:oak_leaves":9},"minecraft:used":{"minecraft:iron_boots":2,"minecraft:iron_chestplate":2,"minecraft:diamond_sword":13,"minecraft:dirt":2,"minecraft:crafting_table":1,"minecraft:white_bed":2,"minecraft:iron_leggings":2},"minecraft:picked_up":{"minecraft:iron_chestplate":2,"minecraft:feather":8,"minecraft:chicken":5,"minecraft:oak_log":6,"minecraft:white_bed":3,"minecraft:dirt":4,"minecraft:iron_leggings":2,"minecraft:rotten_flesh":1,"minecraft:wheat_seeds":12,"minecraft:hay_block":1,"minecraft:mutton":6,"minecraft:white_wool":4,"minecraft:iron_boots":1,"minecraft:egg":1},"minecraft:custom":{"minecraft:time_since_rest":5778,"minecraft:sprint_one_cm":75064,"minecraft:damage_taken":213,"minecraft:walk_one_cm":53290,"minecraft:mob_kills":10,"minecraft:drop":2,"minecraft:damage_dealt":822,"minecraft:interact_with_crafting_table":1,"minecraft:fly_one_cm":59176,"minecraft:open_chest":12,"minecraft:crouch_one_cm":886,"minecraft:play_time":17949,"minecraft:deaths":8,"minecraft:bell_ring":14,"minecraft:sneak_time":320,"minecraft:jump":321,"minecraft:leave_game":1,"minecraft:walk_on_water_one_cm":631,"minecraft:time_since_death":5747,"minecraft:total_world_time":17949,"minecraft:fall_one_cm":11991},"minecraft:crafted":{"minecraft:oak_planks":24,"minecraft:diamond_sword":1,"minecraft:crafting_table":2,"minecraft:stick":8},"minecraft:killed":{"minecraft:sheep":4,"minecraft:zombie":1,"minecraft:chicken":5},"minecraft:dropped":{"minecraft:wheat_seeds":1,"minecraft:white_bed":1}},"DataVersion":3120}