{"stats":{"minecraft:mined":{"minecraft:hay_block":1,"minecraft:white_bed":2,"minecraft:grass":96,"minecraft:grass_block":3,"minecraft:oak_log":6,"minecraft:dirt_path":1,"minecraft:tall_grass":17,"minecraft:oak_leaves":9},"minecraft:used":{"minecraft:apple":5,"minecraft:iron_boots":2,"minecraft:rotten_flesh":1,"minecraft:iron_chestplate":2,"minecraft:diamond_sword":37,"minecraft:dirt":2,"minecraft:mutton":1,"minecraft:crafting_table":1,"minecraft:white_bed":2,"minecraft:iron_leggings":2},"minecraft:picked_up":{"minecraft:iron_chestplate":2,"minecraft:feather":14,"minecraft:chicken":10,"minecraft:leather":2,"minecraft:oak_log":6,"minecraft:white_bed":3,"minecraft:dirt":4,"minecraft:iron_leggings":2,"minecraft:rotten_flesh":1,"minecraft:wheat_seeds":13,"minecraft:hay_block":1,"minecraft:beef":7,"minecraft:mutton":11,"minecraft:white_wool":7,"minecraft:iron_boots":1,"minecraft:egg":3},"minecraft:custom":{"minecraft:time_since_rest":13779,"minecraft:sprint_one_cm":88912,"minecraft:damage_taken":373,"minecraft:walk_one_cm":63253,"minecraft:mob_kills":22,"minecraft:drop":2,"minecraft:damage_dealt":1642,"minecraft:interact_with_crafting_table":1,"minecraft:fly_one_cm":77864,"minecraft:open_chest":12,"minecraft:crouch_one_cm":886,"minecraft:play_time":25950,"minecraft:deaths":8,"minecraft:bell_ring":14,"minecraft:sneak_time":320,"minecraft:jump":449,"minecraft:leave_game":2,"minecraft:walk_on_water_one_cm":631,"minecraft:time_since_death":13748,"minecraft:total_world_time":25950,"minecraft:fall_one_cm":17706},"minecraft:crafted":{"minecraft:oak_planks":24,"minecraft:diamond_sword":1,"minecraft:crafting_table":2,"minecraft:stick":8},"minecraft:killed":{"minecraft:sheep":7,"minecraft:zombie":1,"minecraft:chicken":10,"minecraft:cow":4},"minecraft:dropped":{"minecraft:wheat_seeds":1,"minecraft:white_bed":1}},"DataVersion":3120}