{"stats":{"minecraft:mined":{"minecraft:hay_block":1,"minecraft:white_bed":2,"minecraft:grass":96,"minecraft:grass_block":11,"minecraft:oak_log":6,"minecraft:dirt_path":1,"minecraft:dirt":1,"minecraft:tall_grass":17,"minecraft:oak_leaves":9},"minecraft:used":{"minecraft:sticky_piston":5,"minecraft:lever":6,"minecraft:piston":2,"minecraft:honey_block":2,"minecraft:end_rod":4,"minecraft:apple":6,"minecraft:grass_block":4,"minecraft:redstone":22,"minecraft:slime_block":3,"minecraft:redstone_block":16,"minecraft:iron_boots":2,"minecraft:target":1,"minecraft:rotten_flesh":1,"minecraft:fire_charge":3,"minecraft:iron_chestplate":2,"minecraft:repeater":6,"minecraft:diamond_sword":37,"minecraft:dirt":12,"minecraft:ancient_debris":10,"minecraft:mutton":1,"minecraft:tnt":337,"minecraft:crafting_table":1,"minecraft:yellow_bed":3,"minecraft:white_bed":2,"minecraft:note_block":2,"minecraft:obsidian":28,"minecraft:iron_leggings":2},"minecraft:picked_up":{"minecraft:iron_chestplate":2,"minecraft:feather":14,"minecraft:chicken":10,"minecraft:leather":2,"minecraft:quartz":4,"minecraft:oak_log":6,"minecraft:yellow_bed":3,"minecraft:white_bed":3,"minecraft:dirt":13,"minecraft:tnt":1,"minecraft:iron_leggings":2,"minecraft:rotten_flesh":1,"minecraft:wheat_seeds":14,"minecraft:lever":2,"minecraft:hay_block":1,"minecraft:beef":7,"minecraft:netherrack":249,"minecraft:mutton":11,"minecraft:white_wool":7,"minecraft:iron_boots":1,"minecraft:egg":3},"minecraft:custom":{"minecraft:time_since_rest":1335,"minecraft:sprint_one_cm":91499,"minecraft:damage_taken":373,"minecraft:walk_one_cm":91825,"minecraft:mob_kills":22,"minecraft:drop":4,"minecraft:damage_dealt":1642,"minecraft:interact_with_crafting_table":1,"minecraft:tune_noteblock":10,"minecraft:fly_one_cm":153353,"minecraft:open_chest":12,"minecraft:crouch_one_cm":1346,"minecraft:play_time":56225,"minecraft:deaths":9,"minecraft:bell_ring":14,"minecraft:sneak_time":851,"minecraft:jump":564,"minecraft:leave_game":3,"minecraft:time_since_death":1308,"minecraft:walk_on_water_one_cm":631,"minecraft:total_world_time":56225,"minecraft:fall_one_cm":18182},"minecraft:crafted":{"minecraft:oak_planks":24,"minecraft:diamond_sword":1,"minecraft:crafting_table":2,"minecraft:stick":8},"minecraft:killed":{"minecraft:sheep":7,"minecraft:zombie":1,"minecraft:chicken":10,"minecraft:cow":4},"minecraft:dropped":{"minecraft:wheat_seeds":1,"minecraft:tnt":2,"minecraft:white_bed":1}},"DataVersion":3120}