{"stats":{"minecraft:mined":{"minecraft:grass_block":1},"minecraft:used":{"minecraft:dirt":1},"minecraft:picked_up":{"minecraft:wheat_seeds":1,"minecraft:dirt":1},"minecraft:custom":{"minecraft:jump":73,"minecraft:time_since_rest":5514,"minecraft:walk_on_water_one_cm":262,"minecraft:damage_dealt":10,"minecraft:sprint_one_cm":7342,"minecraft:leave_game":1,"minecraft:play_time":5514,"minecraft:damage_taken":70,"minecraft:time_since_death":5514,"minecraft:walk_one_cm":11797,"minecraft:total_world_time":5604,"minecraft:fall_one_cm":1283,"minecraft:fly_one_cm":47946}},"DataVersion":3120}