{"stats":{"minecraft:dropped":{"minecraft:grass":1,"minecraft:wheat_seeds":3},"minecraft:custom":{"minecraft:time_since_rest":1671,"minecraft:open_chest":1,"minecraft:sprint_one_cm":33909,"minecraft:play_time":17593,"minecraft:deaths":1,"minecraft:damage_taken":240,"minecraft:walk_one_cm":31991,"minecraft:walk_under_water_one_cm":1600,"minecraft:drop":4,"minecraft:jump":158,"minecraft:damage_dealt":10,"minecraft:leave_game":2,"minecraft:walk_on_water_one_cm":970,"minecraft:time_since_death":1624,"minecraft:total_world_time":17683,"minecraft:swim_one_cm":15,"minecraft:fly_one_cm":189537,"minecraft:fall_one_cm":1896},"minecraft:picked_up":{"minecraft:wheat_seeds":3,"minecraft:dirt":1},"minecraft:killed_by":{"minecraft:zombie":1},"minecraft:mined":{"minecraft:grass_block":1,"minecraft:tall_grass":1},"minecraft:used":{"minecraft:dirt":1,"minecraft:grass":2}},"DataVersion":3120}