{"stats":{"minecraft:mined":{"minecraft:grass_block":1},"minecraft:used":{"minecraft:dirt":1,"minecraft:grass":2},"minecraft:picked_up":{"minecraft:wheat_seeds":3,"minecraft:dirt":1},"minecraft:custom":{"minecraft:jump":126,"minecraft:open_chest":1,"minecraft:time_since_rest":13301,"minecraft:walk_on_water_one_cm":262,"minecraft:damage_dealt":10,"minecraft:sprint_one_cm":19070,"minecraft:leave_game":2,"minecraft:play_time":13301,"minecraft:damage_taken":70,"minecraft:time_since_death":13301,"minecraft:walk_one_cm":23460,"minecraft:total_world_time":13391,"minecraft:drop":4,"minecraft:fall_one_cm":1283,"minecraft:fly_one_cm":183367},"minecraft:dropped":{"minecraft:grass":1,"minecraft:wheat_seeds":3}},"DataVersion":3120}