{"stats":{"minecraft:dropped":{"minecraft:grass":1,"minecraft:wheat_seeds":3},"minecraft:custom":{"minecraft:time_since_rest":12658,"minecraft:open_chest":1,"minecraft:sprint_one_cm":50986,"minecraft:play_time":28580,"minecraft:damage_taken":240,"minecraft:deaths":1,"minecraft:walk_one_cm":48036,"minecraft:walk_under_water_one_cm":2236,"minecraft:drop":4,"minecraft:jump":194,"minecraft:damage_dealt":10,"minecraft:leave_game":3,"minecraft:walk_on_water_one_cm":2136,"minecraft:time_since_death":12611,"minecraft:total_world_time":28670,"minecraft:swim_one_cm":4050,"minecraft:fall_one_cm":2105,"minecraft:fly_one_cm":193121},"minecraft:picked_up":{"minecraft:wheat_seeds":3,"minecraft:torch":8,"minecraft:dirt":1},"minecraft:killed_by":{"minecraft:zombie":1},"minecraft:mined":{"minecraft:grass_block":1,"minecraft:tall_grass":2,"minecraft:wall_torch":6,"minecraft:torch":2},"minecraft:used":{"minecraft:torch":5,"minecraft:dirt":1,"minecraft:grass":2}},"DataVersion":3120}